Paper ID,Paper Title,Session
431,Visual Memory for Robust Path Following,D2_S1_T2
496,On Word Embedding Dimensionality,D1_S1_T2
1026,Discovery of Latent 3D Keypoints via End-to-end Geometric Reasoning,D3_S2_T2
1143,Learning to Reconstruct Shapes from Unseen Categories,D3_S2_T2
1147,Smoothed analysis of the low-rank approach for smooth semidefinite programs,D3_S2_T3
1242,Recurrent World Models Facilitate Policy Evolution,D2_S2_T1
1246,"How Does Batch Normalization Help Optimization? (No, It Is Not About Internal Covariate Shift)",D1_S2_T2
1319,Isolating Sources of Disentanglement in Variational Autoencoders,D2_S2_T2
1446,Optimal Algorithms for Non-Smooth Distributed Optimization in Networks,D3_S2_T3
1520,Stochastic Cubic Regularization for Fast Nonconvex Optimization,D2_S2_T3
1737,Nearly tight sample complexity bounds for learning mixtures of Gaussians via sample compression schemes,D1_S1_T3
2077,Integrated accounts of behavioral and neuroimaging data using flexible recurrent neural network models,D3_S1_T1
2257,Spectral Filtering for General Linear Dynamical Systems,D2_S1_T3
2613,Policy Optimization via Importance Sampling,D2_S2_T1
2774,Variational Inference with Tail Adapted f-Divergence,D3_S1_T2
3310,Neural Ordinary Differential Equations,D1_S2_T2
3518,A probabilistic population code based on neural samples,D1_S2_T1
3534,Model-Agnostic Private Learning,D1_S2_T3
3826,On Neuronal Capacity,D1_S1_T1
4952,Approximate Knowledge Compilation by Online Collapsed Importance Sampling,D2_S2_T2
5026,Sample-Efficient Reinforcement Learning with Stochastic Ensemble Value Expansion,D3_S2_T1
5133,Generalisation of structural knowledge in the Hippocampal-Entorhinal system,D1_S2_T1
5269,Dendritic cortical microcircuits approximate the backpropagation algorithm,D1_S1_T1
5327,Exploration in Structured Reinforcement Learning,D2_S1_T1
5491,Phase Retrieval Under a Generative Prior,D1_S1_T3
5855,Optimal Algorithms for Continuous Non-monotone Submodular and DR-Submodular Maximization,D3_S1_T3
6460,Non-delusional Q-learning and Value-iteration,D3_S2_T1
6491,A Retrieve-and-Edit Framework for Predicting Structured Outputs,D1_S1_T2
6603,Learning to solve SMT formulas,D1_S2_T3
6832,Analysis of Krylov Subspace Solutions of Regularized Non-Convex Quadratic Problems,D2_S2_T3
